{"version":null,"displayName":"Jenkins","type":"jenkins","logo":"jenkins.png","logoSmall":"jenkins_small.png","metadata":[{"name":"Workspace","dependent":false,"dependentMetadata":null,"values":[{"id":"Hello","name":"Hello","attributeName":null,"referenceType":null,"dependents":null,"regex":false}]},{"name":"issuetype","dependent":false,"dependentMetadata":null,"values":[{"id":"Build Results","name":"Build Results","attributeName":null,"referenceType":null,"dependents":null,"regex":false},{"id":"Request Build","name":"Request Build","attributeName":null,"referenceType":null,"dependents":null,"regex":false}]}],"fields":[{"id":"end_date","name":"End Date","datatype":"Datetime","values":null},{"id":"workspace","name":"Workspace","datatype":"String","values":null},{"id":"attachments","name":"Attachments","datatype":"String","values":null},{"id":"linked_story_id","name":"Linked Story Id","datatype":"String","values":null},{"id":"executor_number","name":"Executor Number","datatype":"String","values":null},{"id":"release","name":"Release","datatype":"String","values":null},{"id":"git_previous_commit","name":"Git Previous Commit","datatype":"String","values":null},{"id":"build_tag","name":"build_tag","datatype":"String","values":null},{"id":"title","name":"title","datatype":"String","values":null},{"id":"result","name":"Result","datatype":"String","values":null},{"id":"git_commit","name":"Git Commit","datatype":"String","values":null},{"id":"git_local_branch","name":"Git Local Branch","datatype":"String","values":null},{"id":"git_author_name","name":"Git Author Name","datatype":"String","values":null},{"id":"modified","name":"Modified Time","datatype":"Datetime","values":null},{"id":"id","name":"id","datatype":"String","values":null},{"id":"git_url","name":"Git URL","datatype":"String","values":null},{"id":"git_committer_name","name":"Git Committer Name","datatype":"String","values":null},{"id":"build_url","name":"Build URL","datatype":"String","values":null},{"id":"start_date","name":"Start Date","datatype":"Datetime","values":null},{"id":"created_time","name":"Created Time","datatype":"Datetime","values":null},{"id":"comments","name":"Comments","datatype":"String","values":null},{"id":"node_name","name":"Node Name","datatype":"String","values":null},{"id":"git_branch","name":"Git Branch","datatype":"String","values":null},{"id":"jenkins_home","name":"Jenkins Home","datatype":"String","values":null},{"id":"modified_date","name":"Modified Date","datatype":"Datetime","values":null},{"id":"node_labels","name":"Node Labels","datatype":"String","values":null},{"id":"jenkins_url","name":"Jenkins URL","datatype":"String","values":null},{"id":"job_name","name":"Job Name","datatype":"String","values":null},{"id":"build_id","name":"Build Id","datatype":"String","values":null},{"id":"git_previous_successful_commit","name":"Git Previous Successful Commit","datatype":"String","values":null},{"id":"build_number","name":"Build Number","datatype":"String","values":null},{"id":"job_base_name","name":"Job Base Name","datatype":"String","values":null},{"id":"git_committer_email","name":"Git Commiter Email","datatype":"String","values":null},{"id":"job_url","name":"Job URL","datatype":"String","values":null},{"id":"build_display_name","name":"Build Display Name","datatype":"String","values":null}],"loginOptions":[],"idFieldName":"id","titleFieldName":"title","projectFieldName":"","artifactFieldName":"issuetype","testStepsFieldName":null,"changedDateFieldName":"modified","dateFormat":"dd-MM-yyyy","dateTimeFormat":"dd-MM-yyyy HH:mm:ss.SSS","queryDateFormat":"","iso8601DateFormat":false,"commentFieldName":"Comments","commentFieldId":"comments","attachmentFieldName":"Attachments","attachmentFieldId":"attachments","apiVersion":null,"callBackUrlConfigured":false,"callBackUrls":null,"apiProvider":"ConnectALL","applicationType":null,"urlDescription":"","userNameDescription":null,"passwordDescription":null,"paginationSupported":false,"paginationAttributes":null,"status":"Active","active":true,"syncModel":"ReadOnly"}